Workbook

Sheet Data
A1: Student | B1: Screen Time (hours/day) | C1: Sleep (hours/night)

Sheet Descriptive Statistics
A1: Descriptive Statistics
A2: All values are formulas based on Data!B2:C501. They update automatically.
A4: Statistic | B4: Screen Time (hours/day) | C4: Sleep (hours/night)
A5: Number of observations (n) | B5: =COUNT(Data!$B$2:$B$501) | C5: =COUNT(Data!$C$2:$C$501)
A6: Mean | B6: =IF(B$5<1,"n/a",AVERAGE(Data!$B$2:$B$501)) | C6: =IF(C$5<1,"n/a",AVERAGE(Data!$C$2:$C$501))
A7: Median | B7: =IF(B$5<1,"n/a",MEDIAN(Data!$B$2:$B$501)) | C7: =IF(C$5<1,"n/a",MEDIAN(Data!$C$2:$C$501))
A8: Minimum | B8: =IF(B$5<1,"n/a",MIN(Data!$B$2:$B$501)) | C8: =IF(C$5<1,"n/a",MIN(Data!$C$2:$C$501))
A9: Maximum | B9: =IF(B$5<1,"n/a",MAX(Data!$B$2:$B$501)) | C9: =IF(C$5<1,"n/a",MAX(Data!$C$2:$C$501))
A10: Standard Deviation (sample) | B10: =IF(B$5<2,"n/a",_xlfn.STDEV.S(Data!$B$2:$B$501)) | C10: =IF(C$5<2,"n/a",_xlfn.STDEV.S(Data!$C$2:$C$501))
A11: Variance (sample) | B11: =IF(B$5<2,"n/a",_xlfn.VAR.S(Data!$B$2:$B$501)) | C11: =IF(C$5<2,"n/a",_xlfn.VAR.S(Data!$C$2:$C$501))
A13: Standard deviation and variance use the sample formulas (STDEV.S, VAR.S) and need n ≥ 2.

Sheet Correlation & Regression
A1: Correlation and Regression
A2: X = Screen Time (hours/day), Y = Sleep (hours/night). Model: Sleep = a + b(Screen Time).
A3: Measure | B3: Value
A4: Valid pairs (n) | B4: =SUMPRODUCT(--ISNUMBER(Data!$B$2:$B$501),--ISNUMBER(Data!$C$2:$C$501))
A5: Pearson Correlation (r) | B5: =IF(B4<3,"n/a (need ≥ 3 pairs)",IFERROR(CORREL(Data!$B$2:$B$501,Data!$C$2:$C$501),"n/a (no variation)"))
A6: R² | B6: =IF(ISNUMBER(B5),RSQ(Data!$C$2:$C$501,Data!$B$2:$B$501),"n/a")
A7: Slope (b) | B7: =IF(ISNUMBER(B5),SLOPE(Data!$C$2:$C$501,Data!$B$2:$B$501),"n/a")
A8: Intercept (a) | B8: =IF(ISNUMBER(B5),INTERCEPT(Data!$C$2:$C$501,Data!$B$2:$B$501),"n/a")
A9: Regression equation | B9: =IF(ISNUMBER(B5),"Sleep = "&TEXT(B8,"0.00")&IF(B7<0," - "," + ")&TEXT(ABS(B7),"0.00")&" × Screen Time","n/a")
A10: Strength and direction | B10: =IF(ISNUMBER(B5),IF(ABS(B5)<0.1,"negligible",IF(ABS(B5)<0.3,"weak "&IF(B5>0,"positive","negative"),IF(ABS(B5)<0.5,"moderate "&IF(B5>0,"positive","negative"),"strong "&IF(B5>0,"positive","negative")))),"n/a")
A11: Strength labels use common rule-of-thumb cut-offs: |r| < 0.1 negligible, < 0.3 weak, < 0.5 moderate, otherwise strong.
A13: What does r mean?
A14: r close to +1 = strong positive relationship (more screen time goes with more sleep)
A15: r close to -1 = strong negative relationship (more screen time goes with less sleep)
A16: r close to 0 = weak or no linear relationship
A18: Predicted sleep for each observation (Predicted = a + b × Screen Time; Residual = Sleep − Predicted)
A19: Student | B19: Screen Time (hours/day) | C19: Sleep (hours/night) | D19: Predicted Sleep | E19: Residual
A20: =IF(Data!A2="","",Data!A2) | B20: =IF(Data!B2="","",Data!B2) | C20: =IF(Data!C2="","",Data!C2) | D20: =IF(AND(ISNUMBER(B20),ISNUMBER(C20),ISNUMBER($B$7),ISNUMBER($B$8)),$B$8+$B$7*B20,"") | E20: =IF(ISNUMBER(D20),C20-D20,"")
A21: =IF(Data!A3="","",Data!A3) | B21: =IF(Data!B3="","",Data!B3) | C21: =IF(Data!C3="","",Data!C3) | D21: =IF(AND(ISNUMBER(B21),ISNUMBER(C21),ISNUMBER($B$7),ISNUMBER($B$8)),$B$8+$B$7*B21,"") | E21: =IF(ISNUMBER(D21),C21-D21,"")
A22: =IF(Data!A4="","",Data!A4) | B22: =IF(Data!B4="","",Data!B4) | C22: =IF(Data!C4="","",Data!C4) | D22: =IF(AND(ISNUMBER(B22),ISNUMBER(C22),ISNUMBER($B$7),ISNUMBER($B$8)),$B$8+$B$7*B22,"") | E22: =IF(ISNUMBER(D22),C22-D22,"")
A23: =IF(Data!A5="","",Data!A5) | B23: =IF(Data!B5="","",Data!B5) | C23: =IF(Data!C5="","",Data!C5) | D23: =IF(AND(ISNUMBER(B23),ISNUMBER(C23),ISNUMBER($B$7),ISNUMBER($B$8)),$B$8+$B$7*B23,"") | E23: =IF(ISNUMBER(D23),C23-D23,"")
A24: =IF(Data!A6="","",Data!A6) | B24: =IF(Data!B6="","",Data!B6) | C24: =IF(Data!C6="","",Data!C6) | D24: =IF(AND(ISNUMBER(B24),ISNUMBER(C24),ISNUMBER($B$7),ISNUMBER($B$8)),$B$8+$B$7*B24,"") | E24: =IF(ISNUMBER(D24),C24-D24,"")
A25: =IF(Data!A7="","",Data!A7) | B25: =IF(Data!B7="","",Data!B7) | C25: =IF(Data!C7="","",Data!C7) | D25: =IF(AND(ISNUMBER(B25),ISNUMBER(C25),ISNUMBER($B$7),ISNUMBER($B$8)),$B$8+$B$7*B25,"") | E25: =IF(ISNUMBER(D25),C25-D25,"")
A26: =IF(Data!A8="","",Data!A8) | B26: =IF(Data!B8="","",Data!B8) | C26: =IF(Data!C8="","",Data!C8) | D26: =IF(AND(ISNUMBER(B26),ISNUMBER(C26),ISNUMBER($B$7),ISNUMBER($B$8)),$B$8+$B$7*B26,"") | E26: =IF(ISNUMBER(D26),C26-D26,"")
A27: =IF(Data!A9="","",Data!A9) | B27: =IF(Data!B9="","",Data!B9) | C27: =IF(Data!C9="","",Data!C9) | D27: =IF(AND(ISNUMBER(B27),ISNUMBER(C27),ISNUMBER($B$7),ISNUMBER($B$8)),$B$8+$B$7*B27,"") | E27: =IF(ISNUMBER(D27),C27-D27,"")
A28: =IF(Data!A10="","",Data!A10) | B28: =IF(Data!B10="","",Data!B10) | C28: =IF(Data!C10="","",Data!C10) | D28: =IF(AND(ISNUMBER(B28),ISNUMBER(C28),ISNUMBER($B$7),ISNUMBER($B$8)),$B$8+$B$7*B28,"") | E28: =IF(ISNUMBER(D28),C28-D28,"")
A29: =IF(Data!A11="","",Data!A11) | B29: =IF(Data!B11="","",Data!B11) | C29: =IF(Data!C11="","",Data!C11) | D29: =IF(AND(ISNUMBER(B29),ISNUMBER(C29),ISNUMBER($B$7),ISNUMBER($B$8)),$B$8+$B$7*B29,"") | E29: =IF(ISNUMBER(D29),C29-D29,"")
A30: =IF(Data!A12="","",Data!A12) | B30: =IF(Data!B12="","",Data!B12) | C30: =IF(Data!C12="","",Data!C12) | D30: =IF(AND(ISNUMBER(B30),ISNUMBER(C30),ISNUMBER($B$7),ISNUMBER($B$8)),$B$8+$B$7*B30,"") | E30: =IF(ISNUMBER(D30),C30-D30,"")
A31: =IF(Data!A13="","",Data!A13) | B31: =IF(Data!B13="","",Data!B13) | C31: =IF(Data!C13="","",Data!C13) | D31: =IF(AND(ISNUMBER(B31),ISNUMBER(C31),ISNUMBER($B$7),ISNUMBER($B$8)),$B$8+$B$7*B31,"") | E31: =IF(ISNUMBER(D31),C31-D31,"")
... A519: =IF(Data!A501="","",Data!A501) | B519: =IF(Data!B501="","",Data!B501) | C519: =IF(Data!C501="","",Data!C501) | D519: =IF(AND(ISNUMBER(B519),ISNUMBER(C519),ISNUMBER($B$7),ISNUMBER($B$8)),$B$8+$B$7*B519,"") | E519: =IF(ISNUMBER(D519),C519-D519,"")

Sheet Hypothesis Test
A1: Hypothesis Test for Correlation
A2: Does screen time have a statistically significant linear relationship with students’ sleep duration?
A3: Item | B3: Value
A4: Null hypothesis H₀ | B4: ρ = 0 (no linear relationship)
A5: Alternative hypothesis H₁ | B5: ρ ≠ 0 (linear relationship exists)
A6: Significance level (α) | B6: 0.05
A7: Valid pairs (n) | B7: ='Correlation & Regression'!B4
A8: Pearson Correlation (r) | B8: ='Correlation & Regression'!B5
A9: Degrees of freedom (df = n − 2) | B9: =IF(B7>=3,B7-2,"n/a")
A10: Test statistic t = r × √((n − 2) / (1 − r²)) | B10: =IF(AND(B7>=3,ISNUMBER(B8)),IF(ABS(B8)>=1,"∞ (|r| = 1)",B8*SQRT((B7-2)/(1-B8^2))),"n/a")
A11: Two-tailed p-value | B11: =IF(AND(B7>=3,ISNUMBER(B8)),IF(ABS(B8)>=1,0,_xlfn.T.DIST.2T(ABS(B10),B9)),"n/a")
A12: Critical t (two-tailed, α) | B12: =IF(ISNUMBER(B9),_xlfn.T.INV.2T(B6,B9),"n/a")
A13: Decision | B13: =IF(ISNUMBER(B11),IF(B11<B6,"Reject H₀ — statistically significant relationship.","Fail to reject H₀ — no statistically significant relationship."),"Not calculated: at least 3 valid observations, with variation in both variables, are required.")
A15: α = 0.05 (blue cell) is the significance level set by the project brief; it can be changed. Decision rule: reject H₀ if p-value < α.
A16: The t-test assumes a roughly linear relationship, independent students, and approximately normal data.

Sheet Charts
A1: Charts
A2: All charts are built from the Data sheet only. Bin limits (blue) can be edited; counts update automatically.
A3: Screen Time bins | F3: Sleep bins
A4: From (≥) | B4: To (<) | C4: Bin | D4: Count | F4: From (≥) | G4: To (<) | H4: Bin | I4: Count
A5: 0 | B5: 2 | C5: =TEXT(A5,"0")&"–"&TEXT(B5,"0") | D5: =COUNTIFS(Data!$B$2:$B$501,">="&A5,Data!$B$2:$B$501,"<"&B5) | F5: 0 | G5: 4 | H5: =TEXT(F5,"0")&"–"&TEXT(G5,"0") | I5: =COUNTIFS(Data!$C$2:$C$501,">="&F5,Data!$C$2:$C$501,"<"&G5)
A6: 2 | B6: 4 | C6: =TEXT(A6,"0")&"–"&TEXT(B6,"0") | D6: =COUNTIFS(Data!$B$2:$B$501,">="&A6,Data!$B$2:$B$501,"<"&B6) | F6: 4 | G6: 5 | H6: =TEXT(F6,"0")&"–"&TEXT(G6,"0") | I6: =COUNTIFS(Data!$C$2:$C$501,">="&F6,Data!$C$2:$C$501,"<"&G6)
A7: 4 | B7: 6 | C7: =TEXT(A7,"0")&"–"&TEXT(B7,"0") | D7: =COUNTIFS(Data!$B$2:$B$501,">="&A7,Data!$B$2:$B$501,"<"&B7) | F7: 5 | G7: 6 | H7: =TEXT(F7,"0")&"–"&TEXT(G7,"0") | I7: =COUNTIFS(Data!$C$2:$C$501,">="&F7,Data!$C$2:$C$501,"<"&G7)
A8: 6 | B8: 8 | C8: =TEXT(A8,"0")&"–"&TEXT(B8,"0") | D8: =COUNTIFS(Data!$B$2:$B$501,">="&A8,Data!$B$2:$B$501,"<"&B8) | F8: 6 | G8: 7 | H8: =TEXT(F8,"0")&"–"&TEXT(G8,"0") | I8: =COUNTIFS(Data!$C$2:$C$501,">="&F8,Data!$C$2:$C$501,"<"&G8)
A9: 8 | B9: 10 | C9: =TEXT(A9,"0")&"–"&TEXT(B9,"0") | D9: =COUNTIFS(Data!$B$2:$B$501,">="&A9,Data!$B$2:$B$501,"<"&B9) | F9: 7 | G9: 8 | H9: =TEXT(F9,"0")&"–"&TEXT(G9,"0") | I9: =COUNTIFS(Data!$C$2:$C$501,">="&F9,Data!$C$2:$C$501,"<"&G9)
A10: 10 | B10: 12 | C10: =TEXT(A10,"0")&"–"&TEXT(B10,"0") | D10: =COUNTIFS(Data!$B$2:$B$501,">="&A10,Data!$B$2:$B$501,"<"&B10) | F10: 8 | G10: 9 | H10: =TEXT(F10,"0")&"–"&TEXT(G10,"0") | I10: =COUNTIFS(Data!$C$2:$C$501,">="&F10,Data!$C$2:$C$501,"<"&G10)
A11: 12 | B11: 24 | C11: =TEXT(A11,"0")&"–"&TEXT(B11,"0") | D11: =COUNTIFS(Data!$B$2:$B$501,">="&A11,Data!$B$2:$B$501,"<="&B11) | F11: 9 | G11: 10 | H11: =TEXT(F11,"0")&"–"&TEXT(G11,"0") | I11: =COUNTIFS(Data!$C$2:$C$501,">="&F11,Data!$C$2:$C$501,"<"&G11)
F12: 10 | G12: 24 | H12: =TEXT(F12,"0")&"–"&TEXT(G12,"0") | I12: =COUNTIFS(Data!$C$2:$C$501,">="&F12,Data!$C$2:$C$501,"<="&G12)
A13: Each bin includes its lower limit and excludes its upper limit; the last bin also includes its upper limit.

Sheet Interpretation
A1: Interpretation
A2: Generated automatically from the real data in the Data sheet.
A4: Research Question | B4: Does Screen Time Affect Students’ Sleep?
A5: Sample Size | B5: ='Correlation & Regression'!B4
A6: Average Screen Time (hours/day) | B6: =IF('Correlation & Regression'!B4=0,"n/a",'Descriptive Statistics'!B6)
A7: Average Sleep (hours/night) | B7: =IF('Correlation & Regression'!B4=0,"n/a",'Descriptive Statistics'!C6)
A8: Correlation (r) | B8: ='Correlation & Regression'!B5
A9: Regression (Sleep = a + b(Screen Time)) | B9: ='Correlation & Regression'!B9
A10: t-statistic | B10: ='Hypothesis Test'!B10
A11: Degrees of freedom | B11: ='Hypothesis Test'!B9
A12: p-value | B12: ='Hypothesis Test'!B11
A13: Significance level (α) | B13: ='Hypothesis Test'!B6
A14: Decision | B14: ='Hypothesis Test'!B13
A15: Final Conclusion | B15: =IF(ISNUMBER('Hypothesis Test'!B11),IF('Hypothesis Test'!B11<'Hypothesis Test'!B6,"There is statistically significant evidence of a linear relationship between screen time and sleep duration in this sample.","There is not enough statistical evidence to conclude that screen time and sleep duration have a statistically significant linear relationship in this sample."),"Conclusion not available yet: at least 3 valid student responses (with variation in both variables) are needed.")
A18: How to use this workbook
A19: 1. Paste the real responses into the Data sheet, columns A–C, starting at row 2 (up to row 501). Do not type over any other sheet.
A20: 2. Every statistic, table, chart and conclusion updates automatically. Add or remove rows in Data and the results change.
A21: 3. Only valid pairs (both Screen Time and Sleep filled in) are used. This workbook contains no example or fictional data.
A22: 4. A statistically significant correlation shows a linear association in this sample; it does not by itself prove that screen time causes changes in sleep.
